<?xml version="1.0" encoding="UTF-8"?>
<NativeDicomModel xml:space="preserve">
    <DicomAttribute keyword="PatientID" tag="00100020" vr="LO"/>
    <DicomAttribute keyword="PatientName" tag="00100010" vr="PN"/>
    <DicomAttribute keyword="PatientBirthDate" tag="00100030" vr="DA"/>
    <DicomAttribute keyword="PatientSex" tag="00100040" vr="CS"/>
    <DicomAttribute keyword="StudyDate" tag="00080020" vr="DA"/>
    <DicomAttribute keyword="StudyTime" tag="00080030" vr="TM"/>
    <DicomAttribute keyword="ReferringPhysicianName" tag="00080090" vr="PN"/>
    <DicomAttribute keyword="StudyID" tag="00200010" vr="SH"/>
    <DicomAttribute keyword="AccessionNumber" tag="00080050" vr="SH"/>
    <DicomAttribute keyword="SeriesNumber" tag="00200011" vr="IS"/>
    <DicomAttribute keyword="Manufacturer" tag="00080070" vr="LO"/>
    <DicomAttribute keyword="InstanceNumber" tag="00200013" vr="IS"/>
    <DicomAttribute keyword="PatientOrientation" tag="00200020" vr="CS"/>
    <DicomAttribute keyword="AcquisitionContextSequence" tag="00400555" vr="SQ"/>
    <DicomAttribute keyword="Modality" tag="00080060" vr="CS">
        <Value number="1">XC</Value>
    </DicomAttribute>
    <DicomAttribute keyword="ImageType" tag="00080008" vr="CS">
        <Value number="1">ORIGINAL</Value>
        <Value number="2">PRIMARY</Value>
    </DicomAttribute>
    <DicomAttribute keyword="LossyImageCompression" tag="00282110" vr="CS"/>
</NativeDicomModel>