<?xml version="1.0" encoding="UTF-8"?>
<NativeDicomModel xml:space="preserve">
    <DicomAttribute keyword="PatientID" tag="00100020" vr="LO"/>
    <DicomAttribute keyword="PatientName" tag="00100010" vr="PN"/>
    <DicomAttribute keyword="PatientBirthDate" tag="00100030" vr="DA"/>
    <DicomAttribute keyword="PatientSex" tag="00100040" vr="CS"/>
    <DicomAttribute keyword="StudyDate" tag="00080020" vr="DA"/>
    <DicomAttribute keyword="StudyTime" tag="00080030" vr="TM"/>
    <DicomAttribute keyword="ReferringPhysicianName" tag="00080090" vr="PN"/>
    <DicomAttribute keyword="StudyID" tag="00200010" vr="SH"/>
    <DicomAttribute keyword="AccessionNumber" tag="00080050" vr="SH"/>
    <DicomAttribute keyword="SeriesNumber" tag="00200011" vr="IS">
        <Value number="1">1</Value>
    </DicomAttribute>
    <DicomAttribute keyword="Manufacturer" tag="00080070" vr="LO"/>
    <DicomAttribute keyword="ConversionType" tag="00080064" vr="CS">
        <Value number="1">SD</Value>
    </DicomAttribute>
    <DicomAttribute keyword="MIMETypeOfEncapsulatedDocument" tag="00420012" vr="LO">
        <Value number="1">application/pdf</Value>
    </DicomAttribute>
    <DicomAttribute keyword="SOPClassUID" tag="00080016" vr="UI">
        <Value number="1">1.2.840.10008.5.1.4.1.1.104.1</Value>
    </DicomAttribute>
    <DicomAttribute keyword="InstanceNumber" tag="00200013" vr="IS">
        <Value number="1">1</Value>
    </DicomAttribute>
    <DicomAttribute keyword="DocumentTitle" tag="00420010" vr="ST"/>
    <DicomAttribute keyword="ConceptNameCodeSequence" tag="0040A043" vr="SQ"/>
    <DicomAttribute keyword="BurnedInAnnotation" tag="00280301" vr="CS">
        <Value number="1">YES</Value>
    </DicomAttribute>
</NativeDicomModel>
