<?xml version="1.0" encoding="UTF-8"?>
<remoteResourcesBundle xsi:schemaLocation="http://maven.apache.org/remote-resources/1.1.0 http://maven.apache.org/xsd/remote-resources-1.1.0.xsd"
    xmlns="http://maven.apache.org/remote-resources/1.1.0"
    xmlns:xsi="http://www.w3.org/2001/XMLSchema-instance">
  <remoteResources>
    <remoteResource>ldap/apacheds/dcm4che.ldif</remoteResource>
    <remoteResource>ldap/apacheds/dicom.ldif</remoteResource>
    <remoteResource>ldap/opendj/03-rfc2587.ldif</remoteResource>
    <remoteResource>ldap/opendj/10-dicom.ldif</remoteResource>
    <remoteResource>ldap/opendj/11-dcm4che.ldif</remoteResource>
    <remoteResource>ldap/schema/dcm4che.schema</remoteResource>
    <remoteResource>ldap/schema/dicom.schema</remoteResource>
    <remoteResource>ldap/slapd/dcm4che.ldif</remoteResource>
    <remoteResource>ldap/slapd/dcm4che-modify.ldif</remoteResource>
    <remoteResource>ldap/slapd/dicom.ldif</remoteResource>
  </remoteResources>
  <sourceEncoding>UTF-8</sourceEncoding>
</remoteResourcesBundle>
