<assembly xmlns="http://maven.apache.org/plugins/maven-assembly-plugin/assembly/1.1.0" 
  xmlns:xsi="http://www.w3.org/2001/XMLSchema-instance"
  xsi:schemaLocation="http://maven.apache.org/plugins/maven-assembly-plugin/assembly/1.1.0 http://maven.apache.org/xsd/assembly-1.1.0.xsd">
  <id>modules</id>
  <formats>
    <format>zip</format>
    <format>tar.gz</format>
  </formats>
  <includeBaseDirectory>false</includeBaseDirectory>
  <fileSets>
    <fileSet>
      <directory>${project.basedir}/src/main/modules</directory>
      <outputDirectory>/modules</outputDirectory>
      <filtered>true</filtered>
    </fileSet>
  </fileSets>
  <dependencySets>
    <dependencySet>
      <outputDirectory>/modules/org/dcm4che/audit/main</outputDirectory>
      <includes>
        <include>org.dcm4che:dcm4che-audit</include>
      </includes>
      <useTransitiveDependencies>false</useTransitiveDependencies>
      <useProjectArtifact>false</useProjectArtifact>
    </dependencySet>
    <dependencySet>
      <outputDirectory>/modules/org/dcm4che/audit-keycloak/main</outputDirectory>
      <includes>
        <include>org.dcm4che:dcm4che-audit-keycloak</include>
      </includes>
      <useTransitiveDependencies>false</useTransitiveDependencies>
      <useProjectArtifact>false</useProjectArtifact>
    </dependencySet>
    <dependencySet>
      <outputDirectory>/modules/org/dcm4che/conf/api/main</outputDirectory>
      <includes>
        <include>org.dcm4che:dcm4che-conf-api</include>
      </includes>
      <useTransitiveDependencies>false</useTransitiveDependencies>
      <useProjectArtifact>false</useProjectArtifact>
    </dependencySet>
    <dependencySet>
      <outputDirectory>/modules/org/dcm4che/conf/api-hl7/main</outputDirectory>
      <includes>
        <include>org.dcm4che:dcm4che-conf-api-hl7</include>
      </includes>
      <useTransitiveDependencies>false</useTransitiveDependencies>
      <useProjectArtifact>false</useProjectArtifact>
    </dependencySet>
    <dependencySet>
      <outputDirectory>/modules/org/dcm4che/conf/json/main</outputDirectory>
      <includes>
        <include>org.dcm4che:dcm4che-conf-json</include>
      </includes>
      <useTransitiveDependencies>false</useTransitiveDependencies>
      <useProjectArtifact>false</useProjectArtifact>
    </dependencySet>
    <dependencySet>
      <outputDirectory>/modules/org/dcm4che/conf/ldap/main</outputDirectory>
      <includes>
        <include>org.dcm4che:dcm4che-conf-ldap</include>
      </includes>
      <useTransitiveDependencies>false</useTransitiveDependencies>
      <useProjectArtifact>false</useProjectArtifact>
    </dependencySet>
    <dependencySet>
      <outputDirectory>/modules/org/dcm4che/conf/ldap-audit/main</outputDirectory>
      <includes>
        <include>org.dcm4che:dcm4che-conf-ldap-audit</include>
      </includes>
      <useTransitiveDependencies>false</useTransitiveDependencies>
      <useProjectArtifact>false</useProjectArtifact>
    </dependencySet>
    <dependencySet>
      <outputDirectory>/modules/org/dcm4che/conf/ldap-hl7/main</outputDirectory>
      <includes>
        <include>org.dcm4che:dcm4che-conf-ldap-hl7</include>
      </includes>
      <useTransitiveDependencies>false</useTransitiveDependencies>
      <useProjectArtifact>false</useProjectArtifact>
    </dependencySet>
    <dependencySet>
      <outputDirectory>/modules/org/dcm4che/conf/ldap-imageio/main</outputDirectory>
      <includes>
        <include>org.dcm4che:dcm4che-conf-ldap-imageio</include>
      </includes>
      <useTransitiveDependencies>false</useTransitiveDependencies>
      <useProjectArtifact>false</useProjectArtifact>
    </dependencySet>
    <dependencySet>
      <outputDirectory>/modules/org/dcm4che/core/main</outputDirectory>
      <includes>
        <include>org.dcm4che:dcm4che-core</include>
      </includes>
      <useTransitiveDependencies>false</useTransitiveDependencies>
      <useProjectArtifact>false</useProjectArtifact>
    </dependencySet>
    <dependencySet>
      <outputDirectory>/modules/org/dcm4che/dcmr/main</outputDirectory>
      <includes>
        <include>org.dcm4che:dcm4che-dcmr</include>
      </includes>
      <useTransitiveDependencies>false</useTransitiveDependencies>
      <useProjectArtifact>false</useProjectArtifact>
    </dependencySet>
    <dependencySet>
      <outputDirectory>/modules/org/dcm4che/deident/main</outputDirectory>
      <includes>
        <include>org.dcm4che:dcm4che-deident</include>
      </includes>
      <useTransitiveDependencies>false</useTransitiveDependencies>
      <useProjectArtifact>false</useProjectArtifact>
    </dependencySet>
    <dependencySet>
      <outputDirectory>/modules/org/dcm4che/dict-priv/main</outputDirectory>
      <includes>
        <include>org.dcm4che:dcm4che-dict-priv</include>
      </includes>
      <useTransitiveDependencies>false</useTransitiveDependencies>
      <useProjectArtifact>false</useProjectArtifact>
    </dependencySet>
    <dependencySet>
      <outputDirectory>/modules/org/dcm4che/emf/main</outputDirectory>
      <includes>
        <include>org.dcm4che:dcm4che-emf</include>
      </includes>
      <useTransitiveDependencies>false</useTransitiveDependencies>
      <useProjectArtifact>false</useProjectArtifact>
    </dependencySet>
    <dependencySet>
      <outputDirectory>/modules/org/dcm4che/hl7/main</outputDirectory>
      <includes>
        <include>org.dcm4che:dcm4che-hl7</include>
      </includes>
      <useTransitiveDependencies>false</useTransitiveDependencies>
      <useProjectArtifact>false</useProjectArtifact>
    </dependencySet>
    <dependencySet>
      <outputDirectory>/modules/org/dcm4che/image/main</outputDirectory>
      <includes>
        <include>org.dcm4che:dcm4che-image</include>
      </includes>
      <useTransitiveDependencies>false</useTransitiveDependencies>
      <useProjectArtifact>false</useProjectArtifact>
    </dependencySet>
    <dependencySet>
      <outputDirectory>/modules/org/dcm4che/imageio/main</outputDirectory>
      <includes>
        <include>org.dcm4che:dcm4che-imageio</include>
        <include>org.dcm4che:dcm4che-imageio-opencv</include>
        <include>org.weasis.opencv:weasis-opencv-core</include>
      </includes>
      <useTransitiveDependencies>false</useTransitiveDependencies>
      <useProjectArtifact>false</useProjectArtifact>
    </dependencySet>
    <dependencySet>
      <outputFileNameMapping>${artifact.artifactId}.${artifact.extension}</outputFileNameMapping>
      <outputDirectory>/modules/org/dcm4che/imageio/main/lib/linux-i686</outputDirectory>
      <includes>
        <include>*:*:so:linux-x86:*</include>
      </includes>
      <useProjectArtifact>false</useProjectArtifact>
    </dependencySet>
    <dependencySet>
      <outputFileNameMapping>${artifact.artifactId}.${artifact.extension}</outputFileNameMapping>
      <outputDirectory>/modules/org/dcm4che/imageio/main/lib/linux-x86_64</outputDirectory>
      <includes>
        <include>*:*:so:linux-x86-64:*</include>
      </includes>
      <useProjectArtifact>false</useProjectArtifact>
    </dependencySet>
    <dependencySet>
      <outputFileNameMapping>${artifact.artifactId}.${artifact.extension}</outputFileNameMapping>
      <outputDirectory>/modules/org/dcm4che/imageio/main/lib/macosx-x86_64</outputDirectory>
      <includes>
        <include>*:*:jnilib:macosx-x86-64:*</include>
      </includes>
      <useProjectArtifact>false</useProjectArtifact>
    </dependencySet>
    <dependencySet>
      <outputFileNameMapping>${artifact.artifactId}.${artifact.extension}</outputFileNameMapping>
      <outputDirectory>/modules/org/dcm4che/imageio/main/lib/win-i686</outputDirectory>
      <includes>
        <include>*:*:dll:windows-x86:*</include>
      </includes>
      <useProjectArtifact>false</useProjectArtifact>
    </dependencySet>
    <dependencySet>
      <outputFileNameMapping>${artifact.artifactId}.${artifact.extension}</outputFileNameMapping>
      <outputDirectory>/modules/org/dcm4che/imageio/main/lib/win-x86_64</outputDirectory>
      <includes>
        <include>*:*:dll:windows-x86-64:*</include>
      </includes>
      <useProjectArtifact>false</useProjectArtifact>
    </dependencySet>
    <dependencySet>
      <outputDirectory>/modules/org/dcm4che/imageio-rle/main</outputDirectory>
      <includes>
        <include>org.dcm4che:dcm4che-imageio-rle</include>
      </includes>
      <useTransitiveDependencies>false</useTransitiveDependencies>
      <useProjectArtifact>false</useProjectArtifact>
    </dependencySet>
    <dependencySet>
      <outputDirectory>/modules/org/dcm4che/json/main</outputDirectory>
      <includes>
        <include>org.dcm4che:dcm4che-json</include>
      </includes>
      <useTransitiveDependencies>false</useTransitiveDependencies>
      <useProjectArtifact>false</useProjectArtifact>
    </dependencySet>
    <dependencySet>
      <outputDirectory>/modules/org/dcm4che/mime/main</outputDirectory>
      <includes>
        <include>org.dcm4che:dcm4che-mime</include>
      </includes>
      <useTransitiveDependencies>false</useTransitiveDependencies>
      <useProjectArtifact>false</useProjectArtifact>
    </dependencySet>
    <dependencySet>
      <outputDirectory>/modules/org/dcm4che/net/main</outputDirectory>
      <includes>
        <include>org.dcm4che:dcm4che-net</include>
      </includes>
      <useTransitiveDependencies>false</useTransitiveDependencies>
      <useProjectArtifact>false</useProjectArtifact>
    </dependencySet>
    <dependencySet>
      <outputDirectory>/modules/org/dcm4che/net-audit/main</outputDirectory>
      <includes>
        <include>org.dcm4che:dcm4che-net-audit</include>
      </includes>
      <useTransitiveDependencies>false</useTransitiveDependencies>
      <useProjectArtifact>false</useProjectArtifact>
    </dependencySet>
    <dependencySet>
      <outputDirectory>/modules/org/dcm4che/net-hl7/main</outputDirectory>
      <includes>
        <include>org.dcm4che:dcm4che-net-hl7</include>
      </includes>
      <useTransitiveDependencies>false</useTransitiveDependencies>
      <useProjectArtifact>false</useProjectArtifact>
    </dependencySet>
    <dependencySet>
      <outputDirectory>/modules/org/dcm4che/net-imageio/main</outputDirectory>
      <includes>
        <include>org.dcm4che:dcm4che-net-imageio</include>
      </includes>
      <useTransitiveDependencies>false</useTransitiveDependencies>
      <useProjectArtifact>false</useProjectArtifact>
    </dependencySet>
    <dependencySet>
      <outputDirectory>/modules/org/dcm4che/soundex/main</outputDirectory>
      <includes>
        <include>org.dcm4che:dcm4che-soundex</include>
      </includes>
      <useTransitiveDependencies>false</useTransitiveDependencies>
      <useProjectArtifact>false</useProjectArtifact>
    </dependencySet>
    <dependencySet>
      <outputDirectory>/modules/org/dcm4che/ws-rs/main</outputDirectory>
      <includes>
        <include>org.dcm4che:dcm4che-ws-rs</include>
      </includes>
      <useTransitiveDependencies>false</useTransitiveDependencies>
      <useProjectArtifact>false</useProjectArtifact>
    </dependencySet>
    <dependencySet>
      <outputDirectory>/modules/org/dcm4che/xdsi/main</outputDirectory>
      <includes>
        <include>org.dcm4che:dcm4che-xdsi</include>
      </includes>
      <useTransitiveDependencies>false</useTransitiveDependencies>
      <useProjectArtifact>false</useProjectArtifact>
    </dependencySet>
    <dependencySet>
      <outputDirectory>/modules/org/keycloak/admin-client/main</outputDirectory>
      <includes>
        <include>org.keycloak:keycloak-admin-client</include>
      </includes>
      <useTransitiveDependencies>false</useTransitiveDependencies>
      <useProjectArtifact>false</useProjectArtifact>
    </dependencySet>
    <dependencySet>
      <outputDirectory>/modules/org/apache/commons/csv/main</outputDirectory>
      <includes>
        <include>org.apache.commons:commons-csv</include>
      </includes>
      <useTransitiveDependencies>false</useTransitiveDependencies>
      <useProjectArtifact>false</useProjectArtifact>
    </dependencySet>
  </dependencySets>
</assembly>
