<?xml version="1.0" encoding="UTF-8"?>
<remoteResourcesBundle xsi:schemaLocation="http://maven.apache.org/remote-resources/1.1.0 http://maven.apache.org/xsd/remote-resources-1.1.0.xsd"
    xmlns="http://maven.apache.org/remote-resources/1.1.0"
    xmlns:xsi="http://www.w3.org/2001/XMLSchema-instance">
  <remoteResources>
    <remoteResource>arcelements.xml</remoteResource>
    <remoteResource>elscint-elements.xml</remoteResource>
    <remoteResource>commandelements.xml</remoteResource>
    <remoteResource>elements.xml</remoteResource>
    <remoteResource>dataelements.xml</remoteResource>
    <remoteResource>uids.xml</remoteResource>
  </remoteResources>
  <sourceEncoding>UTF-8</sourceEncoding>
</remoteResourcesBundle>
