<?xml version="1.0" encoding="UTF-8"?>
<NativeDicomModel xml:space="preserve">
    <DicomAttribute keyword="SpecificCharacterSet" tag="00080005" vr="CS"/>
    <DicomAttribute keyword="SOPClassUID" tag="00080016" vr="UI"/>
    <DicomAttribute keyword="SOPInstanceUID" tag="00080018" vr="UI"/>
    <DicomAttribute keyword="QueryRetrieveLevel" tag="00080052" vr="CS"/>
    <DicomAttribute keyword="RetrieveAETitle" tag="00080054" vr="AE"/>
    <DicomAttribute keyword="InstanceAvailability" tag="00080056" vr="CS"/>
    <DicomAttribute keyword="StudyInstanceUID" tag="0020000D" vr="UI"/>
    <DicomAttribute keyword="SeriesInstanceUID" tag="0020000E" vr="UI"/>
    <DicomAttribute keyword="InstanceNumber" tag="00200013" vr="IS"/>
    <DicomAttribute keyword="NumberOfFrames" tag="00280008" vr="IS"/>
    <DicomAttribute keyword="Rows" tag="00280010" vr="US"/>
    <DicomAttribute keyword="Columns" tag="00280011" vr="US"/>
    <DicomAttribute keyword="BitsAllocated" tag="00280100" vr="US"/>
</NativeDicomModel>
