<?xml version="1.0" encoding="UTF-8"?>
<!--
  ~ ***** BEGIN LICENSE BLOCK *****
  ~ Version: MPL 1.1/GPL 2.0/LGPL 2.1
  ~
  ~ The contents of this file are subject to the Mozilla Public License Version
  ~ 1.1 (the "License"); you may not use this file except in compliance with
  ~ the License. You may obtain a copy of the License at
  ~ http://www.mozilla.org/MPL/
  ~
  ~ Software distributed under the License is distributed on an "AS IS" basis,
  ~ WITHOUT WARRANTY OF ANY KIND, either express or implied. See the License
  ~ for the specific language governing rights and limitations under the
  ~ License.
  ~
  ~ The Original Code is part of dcm4che, an implementation of DICOM(TM) in
  ~ Java(TM), hosted at https://github.com/dcm4che.
  ~
  ~ The Initial Developer of the Original Code is
  ~ J4Care.
  ~ Portions created by the Initial Developer are Copyright (C) 2015-2019
  ~ the Initial Developer. All Rights Reserved.
  ~
  ~ Contributor(s):
  ~ See @authors listed below
  ~
  ~ Alternatively, the contents of this file may be used under the terms of
  ~ either the GNU General Public License Version 2 or later (the "GPL"), or
  ~ the GNU Lesser General Public License Version 2.1 or later (the "LGPL"),
  ~ in which case the provisions of the GPL or the LGPL are applicable instead
  ~ of those above. If you wish to allow use of your version of this file only
  ~ under the terms of either the GPL or the LGPL, and not to allow others to
  ~ use your version of this file under the terms of the MPL, indicate your
  ~ decision by deleting the provisions above and replace them with the notice
  ~ and other provisions required by the GPL or the LGPL. If you do not delete
  ~ the provisions above, a recipient may use your version of this file under
  ~ the terms of any one of the MPL, the GPL or the LGPL.
  ~
  ~ ***** END LICENSE BLOCK *****
  ~
  -->

<elements>
  <el tag="0003xx01" keyword="OffsetListStructure" vr="OW" vm="1">Offset List Structure</el>
  <el tag="00E1xx01" keyword="DataDictionaryVersion" vr="US" vm="1">Data Dictionary Version</el>
  <el tag="00E1xx05" keyword="_00E1_xx05_" vr="IS" vm="1">_00E1_xx05_</el>
  <el tag="00E1xx06" keyword="_00E1_xx06_" vr="IS" vm="1">_00E1_xx06_</el>
  <el tag="00E1xx07" keyword="_00E1_xx07_" vr="IS" vm="1">_00E1_xx07_</el>
  <el tag="00E1xx14" keyword="_00E1_xx14_" vr="CS" vm="1">_00E1_xx14_</el>
  <el tag="00E1xx18" keyword="_00E1_xx18_" vr="OB" vm="1">_00E1_xx18_</el>
  <el tag="00E1xx21" keyword="DLP" vr="DS" vm="1">DLP</el>
  <el tag="00E1xx22" keyword="PresentationRelativeCenter" vr="DS" vm="2">Presentation Relative Center</el>
  <el tag="00E1xx23" keyword="PresentationRelativePart" vr="DS" vm="2">Presentation Relative Part</el>
  <el tag="00E1xx24" keyword="PresentationHorizontalInvert" vr="CS" vm="1">Presentation Horizontal Invert</el>
  <el tag="00E1xx25" keyword="PresentationVerticalInvert" vr="CS" vm="1">Presentation Vertical Invert</el>
  <el tag="00E1xx2A" keyword="_00E1_xx2A_" vr="DS" vm="1">_00E1_xx2A_</el>
  <el tag="00E1xx30" keyword="_00E1_xx30_" vr="UI" vm="1">_00E1_xx30_</el>
  <el tag="00E1xx31" keyword="_00E1_xx31_" vr="CS" vm="1">_00E1_xx31_</el>
  <el tag="00E1xx32" keyword="_00E1_xx32_" vr="US" vm="2">_00E1_xx32_</el>
  <el tag="00E1xx37" keyword="_00E1_xx37_" vr="DS" vm="1">_00E1_xx37_</el>
  <el tag="00E1xx39" keyword="_00E1_xx39_" vr="SQ" vm="1">_00E1_xx39_</el>
  <el tag="00E1xx3F" keyword="_00E1_xx3F_" vr="CS" vm="1">_00E1_xx3F_</el>
  <el tag="00E1xx40" keyword="ImageLabel" vr="SH" vm="1">Image Label</el>
  <el tag="00E1xx41" keyword="_00E1_xx41_" vr="DS" vm="1">_00E1_xx41_</el>
  <el tag="00E1xx42" keyword="_00E1_xx42_" vr="LO" vm="1">_00E1_xx42_</el>
  <el tag="00E1xx43" keyword="_00E1_xx43_" vr="IS" vm="1">_00E1_xx43_</el>
  <el tag="00E1xx50" keyword="AcquisitionDuration" vr="DS" vm="1">Acquisition Duration</el>
  <el tag="00E1xx51" keyword="SeriesLabel" vr="SH" vm="1">Series Label</el>
  <el tag="00E1xx60" keyword="_00E1_xx60_" vr="CS" vm="1">_00E1_xx60_</el>
  <el tag="00E1xx61" keyword="ProtocolFileName" vr="LO" vm="1">Protocol File Name</el>
  <el tag="00E1xx62" keyword="_00E1_xx62_" vr="CS" vm="1">_00E1_xx62_</el>
  <el tag="00E1xx63" keyword="PatientLanguage" vr="SH" vm="1">Patient Language</el>
  <el tag="00E1xx65" keyword="PatientDataModificationDate" vr="LO" vm="1">Patient Data Modification Date</el>
  <el tag="00E1xx6A" keyword="_00E1_xx6A_" vr="IS" vm="1">_00E1_xx6A_</el>
  <el tag="00E1xx6B" keyword="_00E1_xx6B_" vr="IS" vm="1">_00E1_xx6B_</el>
  <el tag="00E1xxA0" keyword="_00E1_xxA0_" vr="LO" vm="1">_00E1_xxA0_</el>
  <el tag="00E1xxC2" keyword="_00E1_xxC2_" vr="UI" vm="1">_00E1_xxC2_</el>
  <el tag="00E3xx00" keyword="_00E3_xx00_" vr="OB" vm="1">_00E3_xx00_</el>
  <el tag="00E3xx18" keyword="_00E3_xx18_" vr="OB" vm="1">_00E3_xx18_</el>
  <el tag="00E3xx1F" keyword="_00E3_xx1F_" vr="OB" vm="1">_00E3_xx1F_</el>
  <el tag="01E1xx18" keyword="_01E1_xx18_" vr="OB" vm="1">_01E1_xx18_</el>
  <el tag="01E1xx21" keyword="_01E1_xx21_" vr="ST" vm="1">_01E1_xx21_</el>
  <el tag="01E1xx26" keyword="PhantomType" vr="CS" vm="1">Phantom Type</el>
  <el tag="01E1xx34" keyword="_01E1_xx34_" vr="IS" vm="1">_01E1_xx34_</el>
  <el tag="01F1xx01" keyword="AcquisitionType" vr="CS" vm="1">Acquisition Type</el>
  <el tag="01F1xx02" keyword="_01F1_xx02_" vr="CS" vm="1">_01F1_xx02_</el>
  <el tag="01F1xx03" keyword="ConcurrentSlicesGeneration" vr="CS" vm="1">Concurrent Slices Generation</el>
  <el tag="01F1xx04" keyword="AngularSamplingDensity" vr="CS" vm="1">Angular Sampling Density</el>
  <el tag="01F1xx05" keyword="ReconstructionArc" vr="DS" vm="1">Reconstruction Arc</el>
  <el tag="01F1xx06" keyword="_01F1_xx06_" vr="DS" vm="1">_01F1_xx06_</el>
  <el tag="01F1xx07" keyword="TableVelocity" vr="DS" vm="1">Table Velocity</el>
  <el tag="01F1xx08" keyword="AcquisitionLength" vr="DS" vm="1">Acquisition Length</el>
  <el tag="01F1xx0A" keyword="EdgeEnhancementWeight" vr="US" vm="1">Edge Enhancement Weight</el>
  <el tag="01F1xx0B" keyword="_01F1_xx0B_" vr="CS" vm="2">_01F1_xx0B_</el>
  <el tag="01F1xx0C" keyword="ScannerRelativeCenter" vr="DS" vm="2">Scanner Relative Center</el>
  <el tag="01F1xx0D" keyword="RotationAngle" vr="DS" vm="1">Rotation Angle</el>
  <el tag="01F1xx0E" keyword="_01F1_xx0E_" vr="FL" vm="1">_01F1_xx0E_</el>
  <el tag="01F1xx26" keyword="Pitch" vr="DS" vm="1">Pitch</el>
  <el tag="01F1xx27" keyword="RotationTime" vr="DS" vm="1">Rotation Time</el>
  <el tag="01F1xx28" keyword="_01F1_xx28_" vr="DS" vm="1">_01F1_xx28_</el>
  <el tag="01F1xx30" keyword="_01F1_xx30_" vr="US" vm="1">_01F1_xx30_</el>
  <el tag="01F1xx32" keyword="ImageViewConvention" vr="CS" vm="1">Image View Convention</el>
  <el tag="01F1xx33" keyword="_01F1_xx33_" vr="DS" vm="1">_01F1_xx33_</el>
  <el tag="01F1xx36" keyword="_01F1_xx36_" vr="CS" vm="1">_01F1_xx36_</el>
  <el tag="01F1xx37" keyword="_01F1_xx37_" vr="DS" vm="1">_01F1_xx37_</el>
  <el tag="01F1xx38" keyword="_01F1_xx38_" vr="LO" vm="1">_01F1_xx38_</el>
  <el tag="01F1xx39" keyword="_01F1_xx39_" vr="LO" vm="1">_01F1_xx39_</el>
  <el tag="01F1xx40" keyword="_01F1_xx40_" vr="CS" vm="1">_01F1_xx40_</el>
  <el tag="01F1xx42" keyword="_01F1_xx42_" vr="SH" vm="1">_01F1_xx42_</el>
  <el tag="01F1xx43" keyword="_01F1_xx43_" vr="LO" vm="1">_01F1_xx43_</el>
  <el tag="01F1xx44" keyword="_01F1_xx44_" vr="OW" vm="1">_01F1_xx44_</el>
  <el tag="01F1xx45" keyword="_01F1_xx45_" vr="IS" vm="1">_01F1_xx45_</el>
  <el tag="01F1xx46" keyword="_01F1_xx46_" vr="FL" vm="1">_01F1_xx46_</el>
  <el tag="01F1xx47" keyword="_01F1_xx47_" vr="SH" vm="1">_01F1_xx47_</el>
  <el tag="01F1xx48" keyword="_01F1_xx48_" vr="DS" vm="1">_01F1_xx48_</el>
  <el tag="01F1xx49" keyword="_01F1_xx49_" vr="SH" vm="1">_01F1_xx49_</el>
  <el tag="01F1xx4A" keyword="_01F1_xx4A_" vr="SH" vm="1">_01F1_xx4A_</el>
  <el tag="01F1xx4B" keyword="_01F1_xx4B_" vr="SH" vm="1">_01F1_xx4B_</el>
  <el tag="01F1xx4C" keyword="_01F1_xx4C_" vr="SH" vm="1">_01F1_xx4C_</el>
  <el tag="01F1xx4D" keyword="_01F1_xx4D_" vr="SH" vm="1">_01F1_xx4D_</el>
  <el tag="01F1xx4E" keyword="_01F1_xx4E_" vr="LO" vm="1">_01F1_xx4E_</el>
  <el tag="01F1xx53" keyword="_01F1_xx53_" vr="SH" vm="1">_01F1_xx53_</el>
  <el tag="01F3xx01" keyword="_01F3_xx01_" vr="SQ" vm="1">_01F3_xx01_</el>
  <el tag="01F3xx02" keyword="_01F3_xx02_" vr="SS" vm="1">_01F3_xx02_</el>
  <el tag="01F3xx03" keyword="_01F3_xx03_" vr="FL" vm="2">_01F3_xx03_</el>
  <el tag="01F3xx04" keyword="_01F3_xx04_" vr="FL" vm="1">_01F3_xx04_</el>
  <el tag="01F3xx11" keyword="PSSequence" vr="SQ" vm="1">PS Sequence</el>
  <el tag="01F3xx12" keyword="_01F3_xx12_" vr="SS" vm="1">_01F3_xx12_</el>
  <el tag="01F3xx13" keyword="_01F3_xx13_" vr="FL" vm="2">_01F3_xx13_</el>
  <el tag="01F3xx14" keyword="_01F3_xx14_" vr="FL" vm="1">_01F3_xx14_</el>
  <el tag="01F3xx15" keyword="_01F3_xx15_" vr="US" vm="1">_01F3_xx15_</el>
  <el tag="01F3xx16" keyword="_01F3_xx16_" vr="FL" vm="1">_01F3_xx16_</el>
  <el tag="01F3xx17" keyword="_01F3_xx17_" vr="FL" vm="1">_01F3_xx17_</el>
  <el tag="01F3xx18" keyword="_01F3_xx18_" vr="SH" vm="1">_01F3_xx18_</el>
  <el tag="01F3xx19" keyword="_01F3_xx19_" vr="FL" vm="1">_01F3_xx19_</el>
  <el tag="01F3xx23" keyword="_01F3_xx23_" vr="US" vm="1">_01F3_xx23_</el>
  <el tag="01F3xx24" keyword="_01F3_xx24_" vr="IS" vm="2">_01F3_xx24_</el>
  <el tag="01F7xx10" keyword="_01F7_xx10_" vr="OB" vm="1">_01F7_xx10_</el>
  <el tag="01F7xx11" keyword="_01F7_xx11_" vr="OW" vm="1">_01F7_xx11_</el>
  <el tag="01F7xx13" keyword="_01F7_xx13_" vr="OW" vm="1">_01F7_xx13_</el>
  <el tag="01F7xx14" keyword="_01F7_xx14_" vr="OW" vm="1">_01F7_xx14_</el>
  <el tag="01F7xx15" keyword="_01F7_xx15_" vr="OW" vm="1">_01F7_xx15_</el>
  <el tag="01F7xx16" keyword="_01F7_xx16_" vr="OW" vm="1">_01F7_xx16_</el>
  <el tag="01F7xx17" keyword="_01F7_xx17_" vr="OW" vm="1">_01F7_xx17_</el>
  <el tag="01F7xx18" keyword="_01F7_xx18_" vr="OW" vm="1">_01F7_xx18_</el>
  <el tag="01F7xx19" keyword="_01F7_xx19_" vr="OW" vm="1">_01F7_xx19_</el>
  <el tag="01F7xx1A" keyword="_01F7_xx1A_" vr="OW" vm="1">_01F7_xx1A_</el>
  <el tag="01F7xx1B" keyword="_01F7_xx1B_" vr="OW" vm="1">_01F7_xx1B_</el>
  <el tag="01F7xx1C" keyword="_01F7_xx1C_" vr="OW" vm="1">_01F7_xx1C_</el>
  <el tag="01F7xx1E" keyword="_01F7_xx1E_" vr="OW" vm="1">_01F7_xx1E_</el>
  <el tag="01F7xx1F" keyword="_01F7_xx1F_" vr="OW" vm="1">_01F7_xx1F_</el>
  <el tag="01F7xx22" keyword="_01F7_xx22_" vr="UI" vm="1">_01F7_xx22_</el>
  <el tag="01F7xx23" keyword="_01F7_xx23_" vr="OW" vm="1">_01F7_xx23_</el>
  <el tag="01F7xx25" keyword="_01F7_xx25_" vr="OW" vm="1">_01F7_xx25_</el>
  <el tag="01F7xx26" keyword="_01F7_xx26_" vr="OW" vm="1">_01F7_xx26_</el>
  <el tag="01F7xx27" keyword="_01F7_xx27_" vr="OW" vm="1">_01F7_xx27_</el>
  <el tag="01F7xx28" keyword="_01F7_xx28_" vr="OW" vm="1">_01F7_xx28_</el>
  <el tag="01F7xx29" keyword="_01F7_xx29_" vr="OW" vm="1">_01F7_xx29_</el>
  <el tag="01F7xx2B" keyword="_01F7_xx2B_" vr="OW" vm="1">_01F7_xx2B_</el>
  <el tag="01F7xx2C" keyword="_01F7_xx2C_" vr="OW" vm="1">_01F7_xx2C_</el>
  <el tag="01F7xx2D" keyword="_01F7_xx2D_" vr="OW" vm="1">_01F7_xx2D_</el>
  <el tag="01F7xx2E" keyword="_01F7_xx2E_" vr="OW" vm="1">_01F7_xx2E_</el>
  <el tag="01F7xx30" keyword="_01F7_xx30_" vr="OW" vm="1">_01F7_xx30_</el>
  <el tag="01F7xx31" keyword="_01F7_xx31_" vr="OW" vm="1">_01F7_xx31_</el>
  <el tag="01F7xx70" keyword="_01F7_xx70_" vr="OW" vm="1">_01F7_xx70_</el>
  <el tag="01F7xx73" keyword="_01F7_xx73_" vr="OW" vm="1">_01F7_xx73_</el>
  <el tag="01F7xx74" keyword="_01F7_xx74_" vr="OW" vm="1">_01F7_xx74_</el>
  <el tag="01F7xx75" keyword="_01F7_xx75_" vr="OW" vm="1">_01F7_xx75_</el>
  <el tag="0601xx00" keyword="ImplementationVersion" vr="SH" vm="1">Implementation Version</el>
  <el tag="0601xx20" keyword="RelativeTablePosition" vr="DS" vm="1">Relative Table Position</el>
  <el tag="0601xx21" keyword="RelativeTableHeight" vr="DS" vm="1">Relative Table Height</el>
  <el tag="0601xx30" keyword="SurviewDirection" vr="SH" vm="1">Surview Direction</el>
  <el tag="0601xx31" keyword="SurviewLength" vr="DS" vm="1">Surview Length</el>
  <el tag="0601xx50" keyword="ImageViewType" vr="SH" vm="1">Image View Type</el>
  <el tag="0601xx70" keyword="BatchNumber" vr="DS" vm="1">Batch Number</el>
  <el tag="0601xx71" keyword="BatchSize" vr="DS" vm="1">Batch Size</el>
  <el tag="0601xx72" keyword="BatchSliceNumber" vr="DS" vm="1">Batch Slice Number</el>
  <el tag="07A1xx01" keyword="NumberOfSeriesInStudy" vr="UL" vm="1">Number Of Series In Study</el>
  <el tag="07A1xx02" keyword="NumberOfImagesInStudy" vr="UL" vm="1">Number Of Images In Series</el>
  <el tag="07A1xx03" keyword="LastUpdateTime" vr="UL" vm="1">Last Update Time</el>
  <el tag="07A1xx04" keyword="LastUpdateDate" vr="UL" vm="1">Last Update Date</el>
  <el tag="07A1xx07" keyword="_07A1_xx07_" vr="US" vm="3">_07A1_xx07_</el>
  <el tag="07A1xx08" keyword="_07A1_xx08_" vr="DS" vm="1-n">_07A1_xx08_</el>
  <el tag="07A1xx09" keyword="_07A1_xx09_" vr="OW" vm="1">_07A1_xx09_</el>
  <el tag="07A1xx0A" keyword="TamarCompressedPixelData" vr="OB" vm="1">Tamar Compressed Pixel Data</el>
  <el tag="07A1xx0C" keyword="_07A1_xx0C_" vr="US" vm="1">_07A1_xx0C_</el>
  <el tag="07A1xx10" keyword="TamarSoftwareVersion" vr="LO" vm="1">Tamar Software Version</el>
  <el tag="07A1xx11" keyword="TamarCompressionType" vr="CS" vm="1">Tamar Compression Type</el>
  <el tag="07A1xx12" keyword="_07A1_xx12_" vr="FL" vm="1-n">_07A1_xx12_</el>
  <el tag="07A1xx13" keyword="_07A1_xx13_" vr="UL" vm="1">_07A1_xx13_</el>
  <el tag="07A1xx14" keyword="ProtectionFlag" vr="LO" vm="1">Protection Flag</el>
  <el tag="07A1xx16" keyword="_07A1_xx16_" vr="FL" vm="1-n">_07A1_xx16_</el>
  <el tag="07A1xx18" keyword="_07A1_xx18_" vr="SQ" vm="1">_07A1_xx18_</el>
  <el tag="07A1xx19" keyword="_07A1_xx19_" vr="FL" vm="1">_07A1_xx19_</el>
  <el tag="07A1xx1C" keyword="_07A1_xx1C_" vr="FL" vm="1-n">_07A1_xx1C_</el>
  <el tag="07A1xx2A" keyword="TamarStudyStatus" vr="CS" vm="1">Tamar Study Status</el>
  <el tag="07A1xx2B" keyword="_07A1_xx2B_" vr="CS" vm="1">_07A1_xx2B_</el>
  <el tag="07A1xx36" keyword="TamarSourceAE" vr="AE" vm="1">Tamar Source AE</el>
  <el tag="07A1xx40" keyword="TamarStudyBodyPart" vr="CS" vm="1">Tamar Study Body Part</el>
  <el tag="07A1xx43" keyword="TamarStudyPriority" vr="IS" vm="1">Tamar Study Priority</el>
  <el tag="07A1xx4D" keyword="TamarExcludeTagsList" vr="AT" vm="1">Tamar Exclude Tags List</el>
  <el tag="07A1xx50" keyword="TamarSiteID" vr="US" vm="1">Tamar Site ID</el>
  <el tag="07A1xx56" keyword="_07A1_xx56_" vr="US" vm="1">_07A1_xx56_</el>
  <el tag="07A1xx58" keyword="TamarStudyPublished" vr="CS" vm="1">Tamar Study Published</el>
  <el tag="07A1xx5D" keyword="TamarStudyCreationDate" vr="DT" vm="1">Tamar Study Creation Date</el>
  <el tag="07A1xx5F" keyword="TamarStudyHasBookmark" vr="CS" vm="1">Tamar Study Has Bookmark</el>
  <el tag="07A1xx75" keyword="TamarSourceImageType" vr="LO" vm="2">Tamar Source Image Type</el>
  <el tag="07A1xx85" keyword="TamarTranslateFlags" vr="UL" vm="1">Tamar Translate Flags</el>
  <el tag="07A1xx9F" keyword="_07A1_xx9F_" vr="CS" vm="1">_07A1_xx9F_</el>
  <el tag="07A1xxC5" keyword="TamarExcludeTagsSize" vr="IS" vm="1">Tamar Exclude Tags Size</el>
  <el tag="07A1xxC6" keyword="TamarExcludeTagsTotalSize" vr="IS" vm="1">Tamar Exclude Tags Total Size</el>
  <el tag="07A1xxC7" keyword="TamarIsHcffHeader" vr="CS" vm="1">Tamar Is Hcff Header</el>
  <el tag="07A3xx01" keyword="TamarExeSoftwareVersion" vr="LO" vm="1">Tamar Exe Software Version</el>
  <el tag="07A3xx03" keyword="TamarStudyHasStickyNote" vr="CS" vm="1">Tamar Study Has Sticky Note</el>
  <el tag="07A3xx05" keyword="TamarMpSavePr" vr="CS" vm="1">Tamar Mp Save Pr</el>
  <el tag="07A3xx06" keyword="TamarOriginalPrModality" vr="CS" vm="1">Tamar Original Pr Modality</el>
  <el tag="07A3xx0F" keyword="TamarOriginalCurveType" vr="CS" vm="1">Tamar Original Curve Type</el>
  <el tag="07A3xx10" keyword="TamarOriginalCurveDesc" vr="LO" vm="1">Tamar Original Curve Desc</el>
  <el tag="07A3xx14" keyword="TamarProcedureCode" vr="ST" vm="1">Tamar Procedure Code</el>
  <el tag="07A3xx15" keyword="TamarPatientLocation" vr="ST" vm="1">Tamar Patient Location</el>
  <el tag="07A3xx17" keyword="TamarOrderStatus" vr="SH" vm="1">Tamar Order Status</el>
  <el tag="07A3xx19" keyword="TamarReadingPhysicianLastName" vr="ST" vm="1">Tamar Reading Physician Last Name</el>
  <el tag="07A3xx1A" keyword="TamarReadingPhysicianFirstName" vr="ST" vm="1">Tamar Reading Physician First Name</el>
  <el tag="07A3xx1C" keyword="TamarSigningPhysicianLastName" vr="ST" vm="1">Tamar Signing Physician Last Name</el>
  <el tag="07A3xx1D" keyword="TamarSigningPhysicianFirstName" vr="ST" vm="1">Tamar Signing Physician First Name</el>
  <el tag="07A3xx1E" keyword="TamarSigningPhysicianID" vr="ST" vm="1">Tamar Signing Physician ID</el>
  <el tag="07A3xx23" keyword="TamarMiscString5" vr="ST" vm="1">Tamar Misc String 5</el>
  <el tag="07A3xx34" keyword="TamarStudyAge" vr="SH" vm="1">Tamar Study Age</el>
  <el tag="07A3xx43" keyword="TamarPanSideDetails" vr="DS" vm="1-n">Tamar Pan Side Details</el>
  <el tag="07A3xx55" keyword="TamarStudyHasMammoCad" vr="SH" vm="1">Tamar Study Has Mammo Cad</el>
  <el tag="07A3xx61" keyword="TamarNondicomAnnotations" vr="LT" vm="1">Tamar Nondicom Annotations</el>
  <el tag="07A3xx62" keyword="TamarNondicomAnnotationsSequence" vr="SQ" vm="1">Tamar Nondicom Annotations Sequence</el>
  <el tag="07A3xx63" keyword="_07A3_xx63_" vr="SQ" vm="1">_07A3_xx63_</el>
  <el tag="07A3xx64" keyword="_07A3_xx64_" vr="IS" vm="1-n">_07A3_xx64_</el>
  <el tag="07A3xx66" keyword="_07A3_xx66_" vr="IS" vm="1">_07A3_xx66_</el>
  <el tag="07A3xx99" keyword="TamarIsDocType" vr="CS" vm="1">Tamar Is Doc Type</el>
  <el tag="07A3xx9C" keyword="TamarStudyHasKeyImage" vr="CS" vm="1">Tamar Study Has Key Image</el>
  <el tag="07A3xx9F" keyword="_07A3_xx9F_" vr="CS" vm="1">_07A3_xx9F_</el>
  <el tag="07A3xxB9" keyword="TamarKeySeriesIndication" vr="CS" vm="1">Tamar Key Series Indication</el>
  <el tag="07A3xxBB" keyword="TamarStudyHasKeySeries" vr="CS" vm="1">Tamar Study Has Key Series</el>
  <el tag="07A3xxC0" keyword="TamarGridTokenLoadSequence" vr="SQ" vm="1">Tamar Grid Token Load Sequence</el>
  <el tag="07A3xxC1" keyword="TamarGridTokenTargetGridName" vr="LO" vm="1">Tamar Grid Token Target Grid Name</el>
  <el tag="07A3xxC2" keyword="TamarGridTokenSpeed" vr="CS" vm="1">Tamar Grid Token Speed</el>
  <el tag="07A3xxC3" keyword="TamarGridTokenSecurity" vr="CS" vm="1">Tamar Grid Token Security</el>
  <el tag="07A3xxC4" keyword="TamarGridTokenNextHost" vr="LO" vm="1">Tamar Grid Token Next Host</el>
  <el tag="07A3xxC5" keyword="TamarGridTokenNextHostPort" vr="LO" vm="1">Tamar Grid Token Next Host Port</el>
  <el tag="07A3xxC6" keyword="TamarGridTokenQuerySequence" vr="SQ" vm="1">Tamar Grid Token Query Sequence</el>
  <el tag="07A3xxC8" keyword="TamarGridTokenAE" vr="AE" vm="1">Tamar Grid Token AE</el>
  <el tag="07A3xxC9" keyword="TamarGridTokenTunneled" vr="CS" vm="1">Tamar Grid Token Tunneled</el>
  <el tag="07A3xxCA" keyword="TamarGridTokenArchiveSequence" vr="SQ" vm="1">Tamar Grid Token Archive Sequence</el>
  <el tag="07A3xxCB" keyword="TamarGridTokenLocationSequence" vr="SQ" vm="1">Tamar Grid Token Location Sequence</el>
  <el tag="07A3xxCC" keyword="TamarGridTokenVersion" vr="LO" vm="1">Tamar Grid Token Version</el>
  <el tag="07A3xxD0" keyword="TamarOriginalNestedElementsSequence" vr="SQ" vm="1">Tamar Original Nested Elements Sequence</el>
  <el tag="07A3xxD1" keyword="TamarNestedElementNumber" vr="US" vm="1">Tamar Nested Element Number</el>
  <el tag="07A3xxD2" keyword="TamarNestedTextLineVisibility" vr="CS" vm="1">Tamar Nested Text Line Visibility</el>
  <el tag="07A3xxD3" keyword="TamarNestedTextDefaultLocation" vr="CS" vm="1">Tamar Nested Text Default Location</el>
  <el tag="07A3xxD4" keyword="TamarNestedTextLocationX" vr="SL" vm="1">Tamar Nested Text Location X</el>
  <el tag="07A3xxD5" keyword="TamarNestedTextLocationY" vr="SL" vm="1">Tamar Nested Text Location Y</el>
  <el tag="07A3xxD6" keyword="TamarNestedTypeOfData" vr="CS" vm="1">Tamar Nested Type Of Data</el>
  <el tag="07A5xx54" keyword="TamarReportsUpdateDate" vr="DT" vm="1">Tamar Reports Update Date</el>
  <el tag="07A5xx56" keyword="TamarReferringPhysiciansStudyRead" vr="CS" vm="1">Tamar Referring Physicians Study Read</el>
  <el tag="07A5xx62" keyword="TamarStudyInstitutionName" vr="LO" vm="1">Tamar Study Institution Name</el>
  <el tag="07A5xx69" keyword="TamarOriginalStoringAE" vr="LO" vm="1">Tamar Original Storing AE</el>
  <el tag="5001xx70" keyword="_5001_xx70_" vr="SQ" vm="1">_5001_xx70_</el>
  <el tag="5001xx71" keyword="_5001_xx71_" vr="SH" vm="1">_5001_xx71_</el>
  <el tag="5001xx80" keyword="_5001_xx80_" vr="SQ" vm="1">_5001_xx80_</el>
  <el tag="5001xx81" keyword="_5001_xx81_" vr="SH" vm="1">_5001_xx81_</el>
  <el tag="5001xx82" keyword="_5001_xx82_" vr="US" vm="3">_5001_xx82_</el>
  <el tag="5001xx83" keyword="_5001_xx83_" vr="FL" vm="1-n">_5001_xx83_</el>
  <el tag="5001xx84" keyword="_5001_xx84_" vr="SQ" vm="1">_5001_xx84_</el>
  <el tag="6001xx10" keyword="TextOverlayFlag" vr="CS" vm="1">Text Overlay Flag</el>
  <el tag="6001xx30" keyword="_6001_xx30_" vr="FL" vm="4">_6001_xx30_</el>
  <el tag="6001xx90" keyword="_6001_xx90_" vr="LO" vm="1">_6001_xx90_</el>
  <el tag="7FDFxxF0" keyword="_7FDF_xxF0_" vr="OB" vm="1">_7FDF_xxF0_</el>
  <el tag="7FDFxxFF" keyword="_7FDF_xxFF_" vr="SH" vm="1">_7FDF_xxFF_</el>
</elements>
